Date,Open,High,Low,Close,Volume
2019-10-21,1248.7,1253.51,1239.99,1244.28,1030085
2019-10-18,1254.69,1258.11,1240.14,1244.41,1582320
2019-10-17,1251.4,1263.75,1249.87,1252.8,1063981
2019-10-16,1241.81,1254.19,1238.53,1243.0,1151028
2019-10-15,1221.5,1247.13,1220.92,1242.24,1527216
2019-10-14,1213.89,1225.88,1211.88,1217.77,683926
2019-10-11,1224.03,1228.75,1213.64,1215.71,1126452
2019-10-10,1198.6,1215.62,1197.86,1209.47,668244
2019-10-09,1201.33,1208.46,1198.12,1202.4,813216
2019-10-08,1198.77,1206.87,1189.48,1190.13,1032426
2019-10-07,1207.51,1218.91,1204.36,1208.25,879020
2019-10-04,1194.29,1212.46,1190.97,1210.96,1228686
2019-10-03,1183.34,1191.0,1163.14,1189.43,1469413
2019-10-02,1196.5,1198.76,1172.63,1177.92,1674774
2019-10-01,1222.49,1232.86,1205.55,1206.0,1282735
2019-09-30,1220.6,1227.41,1213.42,1221.14,1294609
2019-09-27,1242.83,1244.99,1215.2,1225.95,1722481
2019-09-26,1242.14,1244.67,1231.82,1242.29,1171577
2019-09-25,1216.01,1248.02,1209.2,1245.94,1355162
2019-09-24,1240.0,1247.11,1210.64,1218.33,1835712
2019-09-23,1226.57,1239.68,1223.78,1234.69,1197069
2019-09-20,1233.64,1242.8,1223.58,1229.84,1937743
2019-09-19,1232.32,1244.34,1232.31,1238.75,847002
2019-09-18,1230.24,1236.24,1216.47,1232.65,892788
2019-09-17,1231.63,1235.0,1223.35,1229.88,1047201
2019-09-16,1230.44,1239.02,1225.19,1231.63,1410880
2019-09-13,1232.11,1241.05,1227.08,1240.03,1183762
2019-09-12,1223.47,1242.42,1222.56,1234.97,1582230
2019-09-11,1203.89,1222.47,1202.28,1220.0,1176066
2019-09-10,1196.09,1210.0,1196.01,1205.7,1396077
2019-09-09,1205.66,1220.55,1193.17,1205.27,1592958
2019-09-06,1209.14,1212.95,1203.26,1206.32,948580
2019-09-05,1193.66,1214.0,1192.69,1212.19,1320656
2019-09-04,1179.45,1184.88,1171.53,1182.27,1065666
2019-09-03,1181.85,1189.08,1163.72,1169.55,1296116
2019-08-30,1200.35,1200.35,1185.72,1190.53,903375
2019-08-29,1186.42,1199.19,1185.28,1194.24,982098
2019-08-28,1164.87,1178.5,1160.25,1173.75,840829
2019-08-27,1183.0,1185.0,1164.56,1170.82,1173489
2019-08-26,1159.45,1171.86,1154.85,1171.18,1058926
2019-08-23,1185.17,1195.67,1150.0,1153.58,1813141
2019-08-22,1193.8,1198.78,1178.91,1191.52,867915
2019-08-21,1195.82,1200.56,1187.92,1191.58,708272
2019-08-20,1195.35,1198.0,1183.05,1183.53,1010566
2019-08-19,1191.83,1209.39,1190.4,1200.44,1222854
2019-08-16,1180.79,1183.84,1173.0,1179.21,1265187
2019-08-15,1164.3,1176.42,1163.0,1169.32,1430715
2019-08-14,1176.07,1182.79,1161.07,1164.25,1771501
2019-08-13,1174.35,1205.43,1173.0,1196.73,1430240
2019-08-12,1180.0,1185.61,1168.72,1174.5,1103243
2019-08-09,1200.0,1204.46,1184.89,1188.9,1020945
2019-08-08,1186.43,1206.28,1174.0,1206.19,1505848
2019-08-07,1157.8,1179.87,1150.84,1175.91,1534347
2019-08-06,1165.52,1181.4,1161.53,1171.08,1800707
2019-08-05,1172.97,1176.88,1142.75,1154.75,2391972
2019-08-02,1203.0,1209.5,1190.0,1196.32,1745450
2019-08-01,1217.63,1236.3,1207.0,1211.78,1771271
2019-07-31,1224.87,1234.91,1208.18,1218.2,1997999
2019-07-30,1227.0,1236.91,1225.32,1228.0,1430775
2019-07-29,1242.5,1249.0,1230.2,1241.84,2069127
2019-07-26,1228.0,1268.39,1228.0,1245.22,6060795
2019-07-25,1138.95,1143.59,1123.71,1135.94,2738139
2019-07-24,1132.62,1145.46,1128.51,1139.73,1359956
2019-07-23,1143.45,1148.86,1132.85,1148.05,1032438
2019-07-22,1135.47,1140.02,1125.21,1139.21,1446757
2019-07-19,1149.32,1151.58,1131.25,1131.55,1159153
2019-07-18,1142.0,1148.17,1132.86,1147.24,1273769
2019-07-17,1150.92,1158.44,1146.62,1146.74,976894
2019-07-16,1146.73,1158.58,1146.73,1153.46,1267641
2019-07-15,1145.34,1150.68,1140.0,1150.51,1058431
2019-07-12,1142.93,1147.5,1138.56,1145.34,1093933
2019-07-11,1146.16,1153.24,1139.53,1144.08,1300529
2019-07-10,1132.32,1142.34,1130.66,1140.91,1535546
2019-07-09,1110.32,1127.86,1107.15,1124.29,1473622
2019-07-08,1125.87,1127.21,1111.76,1116.79,1494371
2019-07-05,1119.37,1134.65,1117.5,1132.67,1489678
2019-07-03,1118.5,1127.99,1114.85,1122.99,1007718
2019-07-02,1104.83,1112.89,1099.67,1112.6,1031919
2019-07-01,1101.04,1108.59,1095.33,1100.0,1464449
2019-06-28,1077.23,1082.8,1073.8,1082.8,1683568
2019-06-27,1086.75,1088.47,1075.85,1076.63,1203914
2019-06-26,1091.0,1095.12,1073.69,1080.32,1734873
2019-06-25,1115.08,1115.7,1084.6,1087.58,1582217
2019-06-24,1120.0,1123.57,1113.31,1116.7,1211893
2019-06-21,1109.86,1126.57,1109.72,1125.37,2538872
2019-06-20,1121.7,1122.72,1107.0,1113.2,1200908
2019-06-19,1107.24,1109.43,1096.03,1104.51,1336015
2019-06-18,1111.5,1118.78,1100.79,1105.24,1726312
2019-06-17,1089.1,1101.28,1088.0,1093.89,988491
2019-06-14,1089.74,1094.76,1081.48,1086.3,1229304
2019-06-13,1084.71,1096.59,1082.57,1091.01,1040661
2019-06-12,1079.95,1082.52,1069.6,1079.1,1183650
2019-06-11,1096.99,1104.01,1079.57,1081.04,1675817
2019-06-10,1077.0,1094.84,1075.28,1082.76,1425464
2019-06-07,1054.28,1073.43,1051.15,1068.37,2191357
2019-06-06,1046.21,1050.0,1035.51,1047.76,1451026
2019-06-05,1055.0,1056.81,1033.0,1044.64,2349436
2019-06-04,1044.49,1058.44,1036.03,1054.49,3025564
2019-06-03,1066.93,1067.0,1027.03,1038.74,4844480
2019-05-31,1105.64,1113.4,1103.35,1106.5,1579481
2019-05-30,1120.15,1126.8,1115.9,1121.41,904419
2019-05-29,1132.7,1135.0,1111.95,1119.94,1811510
2019-05-28,1141.48,1156.49,1138.67,1139.56,1047554
2019-05-24,1152.0,1154.36,1136.71,1138.61,927651
2019-05-23,1146.07,1150.05,1133.16,1145.34,1260657
2019-05-22,1151.25,1163.78,1151.0,1155.85,941279
2019-05-21,1154.48,1158.0,1143.31,1154.44,1028248
2019-05-20,1153.0,1153.0,1138.14,1144.66,1530126
2019-05-17,1175.83,1186.29,1166.42,1168.78,1268050
2019-05-16,1171.84,1194.16,1168.45,1184.5,1765388
2019-05-15,1122.55,1178.3,1121.4,1170.8,2965117
2019-05-14,1142.32,1144.87,1123.53,1124.86,2019550
2019-05-13,1145.24,1151.97,1125.5,1136.59,2281686
2019-05-10,1168.84,1176.28,1146.37,1167.64,1582460
2019-05-09,1162.6,1174.07,1154.64,1167.97,1477752
2019-05-08,1177.29,1184.27,1167.63,1170.78,1276022
2019-05-07,1185.81,1194.77,1165.0,1178.86,1830238
2019-05-06,1172.0,1195.43,1171.16,1193.46,1588684
2019-05-03,1177.41,1191.4,1173.55,1189.55,2079376
2019-05-02,1172.6,1179.38,1158.33,1166.51,2254890
2019-05-01,1197.5,1199.25,1171.68,1173.32,3717018
2019-04-30,1190.63,1200.98,1183.0,1198.96,6658855
2019-04-29,1280.51,1296.98,1271.71,1296.2,3618362
2019-04-26,1273.38,1278.91,1265.0,1277.42,1361419
2019-04-25,1270.3,1272.8,1258.0,1267.34,1567161
2019-04-24,1270.59,1274.0,1259.81,1260.05,1169797
2019-04-23,1256.64,1274.43,1251.98,1270.59,1593449
2019-04-22,1236.67,1254.34,1233.37,1253.76,954419
2019-04-18,1245.0,1245.94,1239.41,1241.47,1237788
2019-04-17,1237.0,1245.1,1232.9,1240.14,1518286
2019-04-16,1230.0,1235.98,1225.04,1231.91,1131099
2019-04-15,1224.09,1229.3,1214.56,1226.53,1189974
2019-04-12,1215.62,1223.05,1213.29,1222.73,1215610
2019-04-11,1208.9,1212.74,1204.54,1209.59,849947
2019-04-10,1205.09,1208.94,1200.66,1206.45,775456
2019-04-09,1201.89,1207.15,1198.38,1202.69,983840
2019-04-08,1211.11,1213.95,1204.7,1208.28,1087588
2019-04-05,1219.3,1220.39,1210.03,1211.45,1001044
2019-04-04,1211.29,1220.55,1209.04,1219.45,1051089
2019-04-03,1212.7,1220.6,1205.08,1210.81,1109614
2019-04-02,1200.05,1205.81,1191.24,1205.54,914413
2019-04-01,1187.54,1200.2,1186.36,1198.98,1385595
2019-03-29,1180.18,1183.97,1166.38,1176.89,1544615
2019-03-28,1175.5,1177.25,1163.43,1172.27,1120122
2019-03-27,1191.92,1191.92,1164.23,1178.01,1471402
2019-03-26,1205.19,1207.65,1181.76,1189.84,1537606
2019-03-25,1199.56,1209.44,1190.0,1197.38,1378849
2019-03-22,1228.85,1233.63,1206.0,1207.65,1721133
2019-03-21,1220.0,1236.44,1216.58,1236.13,1407480
2019-03-20,1201.4,1229.99,1199.59,1226.43,2075442
2019-03-19,1191.72,1203.41,1189.46,1202.46,1489407
2019-03-18,1189.69,1194.95,1181.48,1188.55,1222203
2019-03-15,1198.0,1201.73,1187.01,1190.3,2593338
2019-03-14,1199.02,1204.7,1191.23,1192.53,1365072
2019-03-13,1205.93,1207.12,1197.91,1199.06,1294354
2019-03-12,1182.3,1205.71,1182.3,1197.25,2110979
2019-03-11,1152.0,1179.91,1151.57,1179.26,1501633
2019-03-08,1133.9,1153.45,1130.2,1149.97,1184732
2019-03-07,1160.5,1163.58,1141.72,1150.85,1504328
2019-03-06,1171.76,1174.74,1163.05,1164.94,1180052
2019-03-05,1156.0,1176.49,1153.02,1169.19,2004723
2019-03-04,1154.56,1165.52,1138.25,1153.42,1774467
2019-03-01,1131.0,1150.0,1131.0,1148.52,1704258
2019-02-28,1119.0,1133.99,1118.41,1126.55,1371355
2019-02-27,1114.01,1125.73,1108.56,1122.89,1104881
2019-02-26,1114.37,1126.44,1106.7,1122.01,1751261
2019-02-25,1121.93,1125.4,1114.11,1117.33,1310362
2019-02-22,1109.7,1117.25,1100.5,1116.56,1471783
2019-02-21,1118.78,1119.15,1097.98,1104.21,1663980
2019-02-20,1128.88,1130.93,1111.75,1120.59,1204533
2019-02-19,1116.64,1129.64,1116.64,1126.51,1099259
2019-02-15,1139.3,1139.3,1116.72,1119.63,1391348
2019-02-14,1125.0,1136.13,1117.09,1129.2,1055297
2019-02-13,1133.04,1142.85,1126.0,1128.63,1402087
2019-02-12,1111.01,1132.86,1111.01,1127.58,1751771
2019-02-11,1103.75,1113.43,1100.0,1102.12,924881
2019-02-08,1094.88,1105.1,1094.24,1102.38,1088327
2019-02-07,1111.82,1111.99,1093.59,1105.91,1914877
2019-02-06,1149.27,1154.0,1118.36,1122.89,2412820
2019-02-05,1129.63,1152.77,1123.6,1151.87,4114790
2019-02-04,1119.01,1142.34,1117.51,1141.42,3920591
2019-02-01,1122.29,1134.4,1114.25,1118.62,1655813
2019-01-31,1112.24,1127.67,1105.25,1125.89,2011572
2019-01-30,1077.36,1099.52,1076.64,1097.99,1472647
2019-01-29,1081.04,1084.73,1066.02,1070.06,985248
2019-01-28,1090.07,1093.37,1074.61,1079.86,1466714
2019-01-25,1094.23,1103.36,1091.8,1101.51,1163788
2019-01-24,1082.51,1088.0,1070.02,1084.0,1455948
2019-01-23,1086.86,1092.95,1067.57,1084.41,1259738
2019-01-22,1096.0,1098.97,1070.89,1078.63,1981594
2019-01-18,1108.59,1118.0,1099.28,1107.3,2244569
2019-01-17,1087.99,1100.7,1083.26,1099.12,1244801
2019-01-16,1090.0,1102.36,1088.01,1089.51,1914041
2019-01-15,1058.01,1088.27,1054.44,1086.51,1875852
2019-01-14,1053.34,1058.45,1048.55,1051.51,1424486
2019-01-11,1069.9,1073.37,1056.43,1064.47,1543238
2019-01-10,1074.94,1079.81,1064.68,1078.83,1329861
2019-01-09,1087.99,1091.64,1074.37,1081.65,1349912
2019-01-08,1086.0,1093.35,1068.35,1085.37,1770654
2019-01-07,1080.97,1082.7,1062.64,1075.92,2372667
2019-01-04,1042.56,1080.0,1036.86,1078.07,2301428
2019-01-03,1050.67,1066.26,1022.37,1025.47,2097957
2019-01-02,1027.2,1060.79,1025.28,1054.68,1593395
2018-12-31,1057.83,1062.99,1033.04,1044.96,1655504
2018-12-28,1059.5,1064.23,1042.0,1046.68,1718352
2018-12-27,1026.2,1053.34,1007.0,1052.9,2299806
2018-12-26,997.99,1048.45,992.645,1047.85,2315862
2018-12-24,984.32,1012.12,977.66,984.67,1817955
2018-12-21,1032.04,1037.67,981.19,991.25,5232490
2018-12-20,1026.0,1047.44,1007.86,1023.58,2683670
2018-12-19,1047.29,1075.71,1019.43,1035.46,2913237
2018-12-18,1034.0,1059.69,1030.48,1043.41,2182019
2018-12-17,1047.01,1062.38,1016.63,1025.65,2496551
2018-12-14,1060.02,1071.72,1049.37,1051.71,1817949
2018-12-13,1075.67,1088.42,1064.99,1073.54,1249403
2018-12-12,1077.08,1091.73,1071.97,1073.73,1447973
2018-12-11,1066.94,1070.4,1050.1,1061.65,1692576
2018-12-10,1042.94,1059.6,1033.0,1053.18,1682646
2018-12-07,1072.23,1085.03,1039.37,1046.58,2134111
2018-12-06,1045.0,1079.42,1042.48,1078.08,2371825
2018-12-04,1112.99,1114.24,1060.78,1062.47,2281485
2018-12-03,1132.16,1135.0,1111.73,1116.36,2876449
2018-11-30,1095.63,1109.65,1083.18,1109.65,2983340
2018-11-29,1083.53,1100.15,1082.0,1094.58,1550523
2018-11-28,1057.46,1092.86,1042.95,1091.79,2302121
2018-11-27,1051.34,1066.76,1045.5,1052.28,1652433
2018-11-26,1044.0,1057.0,1039.77,1055.94,1577941
2018-11-23,1033.5,1043.0,1028.52,1030.1,708859
2018-11-21,1045.31,1054.71,1039.46,1043.43,1485172
2018-11-20,1007.29,1037.35,1002.21,1030.45,2722934
2018-11-19,1063.39,1068.0,1022.87,1027.42,2284191
2018-11-16,1065.23,1072.44,1054.9,1068.27,1768308
2018-11-15,1051.46,1078.87,1041.29,1071.05,2079154
2018-11-14,1060.0,1065.79,1041.11,1054.58,1733302
2018-11-13,1054.81,1066.67,1040.4,1047.97,1287475
2018-11-12,1073.13,1074.1,1040.35,1049.36,1700091
2018-11-09,1084.02,1088.35,1064.26,1077.02,1743298
2018-11-08,1107.3,1108.22,1084.36,1094.63,1685193
2018-11-07,1083.49,1109.93,1080.59,1108.24,2169392
2018-11-06,1055.02,1079.82,1053.61,1069.57,1433013
2018-11-05,1072.53,1073.35,1034.0,1055.73,2267870
2018-11-02,1089.0,1098.0,1067.66,1071.49,2172215
2018-11-01,1091.4,1099.9,1077.82,1085.98,2006575
2018-10-31,1068.2,1108.0,1068.2,1090.58,3545821
2018-10-30,1020.01,1050.9,1013.97,1049.51,2988418
2018-10-29,1096.54,1108.83,1007.2,1034.73,4064452
2018-10-26,1048.33,1117.0,1042.23,1083.75,5321883
2018-10-25,1080.3,1117.82,1075.55,1103.59,3647814
2018-10-24,1115.0,1116.62,1055.06,1057.12,2464295
2018-10-23,1091.29,1118.0,1079.01,1114.91,1884255
2018-10-22,1112.51,1121.69,1100.0,1111.37,1355842
2018-10-19,1103.71,1120.95,1097.03,1105.18,2064289
2018-10-18,1130.0,1132.35,1086.34,1097.91,2307596
2018-10-17,1140.0,1147.0,1114.0,1127.59,1782614
2018-10-16,1113.48,1136.37,1111.75,1133.08,1918879
2018-10-15,1118.0,1121.8,1098.22,1102.44,1503956
2018-10-12,1119.64,1125.83,1095.03,1120.54,2468920
2018-10-11,1079.04,1116.06,1075.89,1090.74,3384775
2018-10-10,1136.4,1137.02,1091.51,1092.16,2949006
2018-10-09,1151.31,1161.55,1144.17,1145.17,1684728
2018-10-08,1160.0,1175.86,1135.4,1155.92,2309539
2018-10-05,1176.0,1182.0,1154.32,1167.83,1593012
2018-10-04,1205.03,1205.9,1163.85,1177.07,2328778
2018-10-03,1212.0,1214.18,1202.15,1211.53,1312686
2018-10-02,1206.67,1224.52,1199.66,1207.64,2008956
2018-10-01,1213.0,1224.2,1203.19,1208.53,1659364
2018-09-28,1204.09,1208.45,1197.83,1207.08,1780759
2018-09-27,1200.0,1216.86,1198.05,1207.36,1813652
2018-09-26,1193.69,1207.24,1185.4,1194.06,1882524
2018-09-25,1184.25,1196.86,1174.09,1193.89,1657809
2018-09-24,1159.41,1185.19,1151.5,1179.56,1557479
2018-09-21,1194.92,1196.58,1172.06,1172.12,4561119
2018-09-20,1180.67,1194.0,1176.25,1191.57,1462455
2018-09-19,1168.96,1176.27,1158.62,1174.27,1298084
2018-09-18,1162.66,1181.33,1161.43,1167.11,1615701
2018-09-17,1177.77,1181.82,1158.46,1159.83,1704790
2018-09-14,1188.0,1188.0,1173.52,1177.98,1208767
2018-09-13,1179.7,1187.86,1169.22,1182.14,2003418
2018-09-12,1182.0,1190.69,1166.16,1171.6,1785833
2018-09-11,1171.1,1190.94,1165.95,1189.99,1462688
2018-09-10,1184.2,1186.66,1170.61,1175.06,1383938
2018-09-07,1172.0,1188.55,1169.27,1177.59,1633190
2018-09-06,1198.57,1198.99,1163.61,1183.99,2342722
2018-09-05,1209.22,1214.87,1175.34,1199.1,2699394
2018-09-04,1222.52,1227.87,1206.56,1211.31,2072869
2018-08-31,1252.21,1252.55,1225.75,1231.8,2115424
2018-08-30,1263.4,1269.49,1247.21,1254.44,1505219
2018-08-29,1255.0,1267.17,1252.8,1264.65,1846615
2018-08-28,1255.9,1256.56,1242.97,1245.86,1366516
2018-08-27,1244.14,1257.87,1240.68,1256.27,1428992
2018-08-24,1226.0,1237.4,1221.42,1236.75,1222653
2018-08-23,1219.88,1235.17,1219.35,1221.16,1233347
2018-08-22,1214.22,1226.53,1213.22,1221.75,1114832
2018-08-21,1223.02,1232.76,1215.03,1217.41,1154093
2018-08-20,1220.66,1225.91,1208.7,1221.95,1111173
2018-08-17,1222.04,1226.95,1204.0,1215.85,1654629
2018-08-16,1241.99,1243.7,1219.63,1224.06,1608799
2018-08-15,1244.28,1251.98,1226.25,1232.22,1852558
2018-08-14,1252.5,1260.59,1239.54,1258.14,1403991
2018-08-13,1251.2,1265.97,1247.03,1248.64,1380882
2018-08-10,1259.18,1261.2,1247.16,1252.51,1334387
2018-08-09,1262.73,1271.96,1260.1,1264.46,1366318
2018-08-08,1256.72,1271.72,1252.12,1261.33,1718664
2018-08-07,1252.01,1266.08,1251.8,1255.84,2125256
2018-08-06,1241.61,1242.46,1230.53,1237.67,1105916
2018-08-03,1245.18,1246.52,1229.42,1238.16,1063244
2018-08-02,1218.5,1244.41,1218.06,1241.13,1735180
2018-08-01,1239.11,1245.9,1224.94,1232.99,1849740
2018-07-31,1231.71,1241.21,1216.19,1227.22,1969111
2018-07-30,1245.05,1252.89,1224.17,1230.04,2194837
2018-07-27,1289.12,1291.44,1244.5,1252.89,2418090
2018-07-26,1267.18,1287.4,1263.0,1285.5,2734302
2018-07-25,1252.62,1278.24,1249.05,1275.94,2575437
2018-07-24,1271.0,1275.0,1244.14,1258.15,5380032
2018-07-23,1195.66,1215.1,1192.01,1211.0,3272304
2018-07-20,1199.24,1210.77,1196.59,1197.88,1898376
2018-07-19,1206.65,1216.48,1197.73,1199.1,1916892
2018-07-18,1208.53,1221.59,1204.56,1212.91,1947397
2018-07-17,1182.74,1218.76,1182.0,1213.08,2008133
2018-07-16,1203.81,1208.71,1193.4,1196.51,1339237
2018-07-13,1202.8,1210.44,1195.29,1204.42,1631857
2018-07-12,1174.86,1201.99,1173.1,1201.26,2207431
2018-07-11,1155.62,1180.44,1155.37,1171.46,1662633
2018-07-10,1169.99,1173.5,1162.56,1167.14,1066704
2018-07-09,1160.0,1167.93,1157.23,1167.28,1079201
2018-07-06,1141.77,1156.2,1137.24,1155.08,1090967
2018-07-05,1124.6,1144.14,1123.12,1141.29,1429710
2018-07-03,1149.42,1149.91,1114.43,1116.28,822394
2018-07-02,1115.35,1142.99,1106.6,1142.11,1161040
2018-06-29,1132.31,1141.36,1127.02,1129.19,1578116
2018-06-28,1112.39,1134.0,1106.07,1126.78,1486675
2018-06-27,1136.0,1146.21,1116.7,1116.94,1726866
2018-06-26,1144.14,1146.87,1129.0,1132.62,1734414
2018-06-25,1155.0,1155.99,1119.9,1139.28,2884131
2018-06-22,1171.5,1175.0,1159.65,1169.29,1711003
2018-06-21,1185.51,1190.33,1163.48,1169.44,2248277
2018-06-20,1183.3,1201.49,1182.03,1184.07,2584260
2018-06-19,1170.11,1182.81,1161.61,1178.69,2364127
2018-06-18,1152.69,1184.13,1151.0,1183.58,1651913
2018-06-15,1159.92,1163.91,1153.69,1159.27,2221891
2018-06-14,1152.21,1165.99,1150.6,1160.11,1771120
2018-06-13,1152.28,1155.64,1143.38,1144.23,1715074
2018-06-12,1141.02,1148.75,1141.02,1148.19,1304612
2018-06-11,1132.94,1147.74,1131.4,1140.9,1239770
2018-06-08,1131.21,1138.78,1123.23,1132.71,1364226
2018-06-07,1144.58,1145.87,1126.12,1134.42,1805388
2018-06-06,1152.77,1154.71,1136.32,1146.95,1746719
2018-06-05,1154.66,1161.1,1147.46,1151.02,1648222
2018-06-04,1138.5,1157.86,1137.0,1153.04,2237701
2018-06-01,1112.87,1138.16,1112.01,1135.0,3160100
2018-05-31,1082.0,1110.0,1078.0,1100.0,3968362
2018-05-30,1073.48,1078.99,1066.55,1077.47,1434282
2018-05-29,1076.0,1081.34,1063.08,1068.07,1803805
2018-05-25,1086.55,1089.57,1082.6,1084.08,1111161
2018-05-24,1086.9,1087.12,1072.3,1085.45,1030194
2018-05-23,1070.0,1088.0,1066.96,1085.96,1186998
2018-05-22,1089.8,1091.8,1072.26,1075.31,1111299
2018-05-21,1079.0,1093.3,1078.0,1084.01,1258999
2018-05-18,1066.0,1073.73,1064.68,1069.64,1774149
2018-05-17,1081.46,1091.0,1076.42,1081.26,1286907
2018-05-16,1085.09,1094.38,1081.63,1084.09,1281406
2018-05-15,1096.9,1099.12,1078.78,1084.87,1786926
2018-05-14,1105.57,1118.15,1104.8,1106.6,1966893
2018-05-11,1100.41,1109.01,1097.22,1103.38,1525218
2018-05-10,1095.0,1109.41,1093.88,1105.47,1820676
2018-05-09,1064.1,1094.0,1062.11,1088.95,2357979
2018-05-08,1064.62,1065.23,1051.64,1058.59,1301524
2018-05-07,1053.89,1065.0,1050.27,1059.46,1719971
2018-05-04,1019.61,1051.88,1018.05,1051.0,1844600
2018-05-03,1025.37,1030.69,1007.89,1026.3,1964066
2018-05-02,1034.0,1043.98,1023.16,1026.05,1734872
2018-05-01,1016.3,1041.73,1010.61,1040.75,1766256
2018-04-30,1018.58,1038.37,1018.3,1018.58,1724632
2018-04-27,1045.54,1051.7,1027.59,1031.45,2037263
2018-04-26,1033.22,1052.02,1020.45,1043.31,2546332
2018-04-25,1029.75,1036.07,1017.01,1022.99,2893047
2018-04-24,1059.2,1064.49,1012.86,1022.64,6411038
2018-04-23,1082.98,1088.0,1066.68,1073.81,3479496
2018-04-20,1084.27,1094.75,1072.1,1077.32,2121692
2018-04-19,1069.02,1097.51,1069.02,1089.45,1994247
2018-04-18,1079.01,1082.0,1070.52,1075.39,1556298
2018-04-17,1061.2,1085.0,1057.09,1079.36,2729197
2018-04-16,1045.55,1051.43,1033.92,1046.1,1488822
2018-04-13,1046.89,1052.98,1030.15,1036.04,1270461
2018-04-12,1031.47,1044.65,1026.05,1037.29,1644794
2018-04-11,1025.06,1035.87,1019.51,1025.06,1649949
2018-04-10,1030.26,1041.21,1015.41,1036.5,1836678
2018-04-09,1020.04,1044.59,1019.2,1020.09,1661012
2018-04-06,1023.1,1036.0,1006.25,1009.95,2006683
2018-04-05,1046.39,1046.71,1024.0,1032.64,1791761
2018-04-04,998.23,1032.74,996.51,1029.71,2536198
2018-04-03,1016.15,1025.0,997.245,1018.68,2566146
2018-04-02,1027.62,1039.53,994.25,1012.63,3253387
2018-03-29,1011.21,1048.05,1004.04,1037.14,3466876
2018-03-28,1001.91,1024.99,984.0,1005.18,3884943
2018-03-27,1063.9,1064.54,997.62,1006.94,3040809
2018-03-26,1050.6,1059.27,1010.58,1054.09,3299151
2018-03-23,1051.37,1066.78,1024.87,1026.55,2493971
2018-03-22,1080.01,1083.92,1049.64,1053.15,3465608
2018-03-21,1092.57,1108.7,1087.21,1094.0,2244865
2018-03-20,1098.4,1105.55,1082.42,1095.8,2729857
2018-03-19,1117.76,1119.37,1088.92,1100.07,3182796
2018-03-16,1155.35,1156.81,1131.36,1134.42,2932759
2018-03-15,1149.57,1162.5,1135.66,1150.61,1669094
2018-03-14,1145.8,1159.76,1142.35,1148.89,2093482
2018-03-13,1171.83,1178.0,1134.57,1139.91,2156999
2018-03-12,1165.05,1178.16,1159.2,1165.93,2215304
2018-03-09,1139.5,1161.0,1134.29,1160.84,2133087
2018-03-08,1117.2,1131.44,1117.2,1129.38,1693133
2018-03-07,1092.82,1116.2,1089.91,1115.04,1537429
2018-03-06,1102.1,1105.63,1094.5,1100.9,1169068
2018-03-05,1078.13,1101.18,1072.27,1094.76,1432369
2018-03-02,1057.98,1086.89,1050.11,1084.14,2508145
2018-03-01,1109.54,1111.27,1067.29,1071.41,2766856
2018-02-28,1122.0,1127.65,1103.0,1103.92,2464619
2018-02-27,1143.7,1144.25,1116.79,1117.51,2148159
2018-02-26,1131.86,1144.0,1129.34,1143.7,1503295
2018-02-23,1118.66,1129.0,1108.44,1128.09,1263084
2018-02-22,1119.17,1125.46,1105.15,1109.9,1398777
2018-02-21,1109.1,1136.2,1107.51,1113.75,2071947
2018-02-20,1092.76,1116.29,1090.0,1103.59,1687065
2018-02-16,1093.38,1108.31,1091.55,1095.5,1993152
2018-02-15,1083.45,1094.1,1067.23,1091.36,1859013
2018-02-14,1054.32,1075.47,1049.8,1072.7,2064208
2018-02-13,1050.0,1061.22,1046.92,1054.21,1576027
2018-02-12,1056.67,1065.57,1045.49,1055.33,2805018
2018-02-09,1025.88,1051.72,997.0,1046.27,4913463
2018-02-08,1059.87,1063.93,1005.12,1007.71,3330543
2018-02-07,1084.97,1086.53,1054.62,1055.41,2587041
2018-02-06,1033.98,1087.375,1030.01,1084.43,3831524
2018-02-05,1100.61,1114.99,1056.74,1062.88,4152374
2018-02-02,1127.42,1131.3,1111.17,1119.2,5834231
2018-02-01,1175.99,1187.45,1169.36,1181.59,3641273
2018-01-31,1183.81,1186.32,1172.1,1182.22,1791493
2018-01-30,1177.72,1187.93,1174.51,1177.37,1817062
2018-01-29,1188.0,1198.0,1184.06,1186.48,1570436
2018-01-26,1187.53,1187.56,1168.03,1187.56,2101130
2018-01-25,1180.71,1185.0,1171.84,1182.14,1486683
2018-01-24,1184.98,1187.05,1167.4,1171.29,1845883
2018-01-23,1170.62,1178.51,1167.25,1176.17,1948280
2018-01-22,1143.82,1166.88,1141.82,1164.16,1476399
2018-01-19,1138.03,1143.78,1132.5,1143.5,1464430
2018-01-18,1139.35,1140.59,1124.47,1135.97,1372046
2018-01-17,1136.36,1139.32,1123.49,1139.1,1389213
2018-01-16,1140.31,1148.88,1126.66,1130.7,1803066
2018-01-12,1110.1,1131.3,1108.01,1130.65,1927006
2018-01-11,1112.31,1114.85,1106.48,1112.05,1120707
2018-01-10,1107.0,1112.78,1103.98,1110.14,1036365
2018-01-09,1118.44,1118.44,1108.2,1112.79,1340068
2018-01-08,1111.0,1119.16,1110.0,1114.21,1231346
2018-01-05,1103.45,1113.58,1101.8,1110.29,1511930
2018-01-04,1097.09,1104.08,1094.26,1096.0,1302498
2018-01-03,1073.93,1096.1,1073.43,1091.52,1565290
2018-01-02,1053.02,1075.98,1053.02,1073.44,1587677
2017-12-29,1055.49,1058.05,1052.7,1053.4,1179579
2017-12-28,1062.25,1064.84,1053.38,1055.95,993945
2017-12-27,1066.6,1068.27,1058.38,1060.2,1115893
2017-12-26,1068.64,1068.86,1058.64,1065.85,918255
2017-12-22,1070.0,1071.72,1067.64,1068.86,885293
2017-12-21,1075.39,1077.52,1069.0,1070.85,1247648
2017-12-20,1080.92,1081.24,1068.6,1073.56,1435726
2017-12-19,1083.02,1084.98,1072.27,1079.29,1291614
2017-12-18,1076.45,1086.49,1070.37,1085.09,1512677
2017-12-15,1063.78,1075.25,1060.09,1072.0,3184924
2017-12-14,1055.49,1067.08,1053.6,1057.47,1545572
2017-12-13,1052.08,1055.48,1046.58,1051.39,1383936
2017-12-12,1050.0,1062.5,1044.87,1048.77,1692800
2017-12-11,1051.11,1056.0,1044.12,1052.08,1161991
2017-12-08,1051.81,1056.42,1045.86,1049.38,1492011
2017-12-07,1036.07,1048.92,1035.36,1044.57,1542091
2017-12-06,1016.52,1039.58,1015.31,1032.72,1380673
2017-12-05,1010.99,1036.68,1002.32,1019.6,1948981
2017-12-04,1027.8,1031.34,1009.22,1011.87,1938273
2017-12-01,1030.41,1037.25,1016.9,1025.07,1867176
2017-11-30,1039.94,1044.14,1030.07,1036.17,2233522
2017-11-29,1056.18,1058.77,1029.65,1037.38,2790432
2017-11-28,1073.99,1080.0,1054.54,1063.29,1820282
2017-11-27,1058.57,1073.04,1054.77,1072.01,1771227
2017-11-24,1054.39,1060.07,1051.92,1056.52,825369
2017-11-22,1051.16,1055.43,1047.25,1051.92,726431
2017-11-21,1040.04,1050.39,1039.14,1050.3,1080873
2017-11-20,1036.0,1038.7,1032.68,1034.66,876213
2017-11-17,1049.8,1051.0,1033.73,1035.67,1334393
2017-11-16,1038.75,1051.76,1038.0,1048.47,1137621
2017-11-15,1035.0,1039.63,1030.76,1036.41,904402
2017-11-14,1037.72,1042.3,1029.33,1041.64,1050380
2017-11-13,1040.8,1048.74,1039.26,1041.2,940113
2017-11-10,1043.87,1046.63,1041.22,1044.15,970498
2017-11-09,1048.0,1050.88,1035.85,1047.72,1793994
2017-11-08,1050.05,1062.69,1047.05,1058.29,1214469
2017-11-07,1049.65,1053.41,1043.0,1052.39,1303832
2017-11-06,1049.1,1052.59,1042.0,1042.68,913954
2017-11-03,1042.75,1050.66,1037.65,1049.99,1388461
2017-11-02,1039.99,1045.52,1028.66,1042.97,1334697
2017-11-01,1036.32,1047.86,1034.0,1042.6,2163073
2017-10-31,1033.0,1041.0,1026.3,1033.04,1516278
2017-10-30,1029.16,1039.83,1022.33,1033.13,2340172
2017-10-27,1030.99,1063.62,1027.46,1033.67,5182877
2017-10-26,998.47,1006.51,990.47,991.42,2355336
2017-10-25,986.27,994.43,977.722,991.46,1398280
2017-10-24,986.5,989.26,977.08,988.49,1438933
2017-10-23,1005.18,1005.79,983.1,985.54,1637726
2017-10-20,1007.05,1008.65,1002.27,1005.07,1605182
2017-10-19,1004.75,1007.32,997.3,1001.84,1682649
2017-10-18,1011.05,1016.31,1005.32,1012.74,1278730
2017-10-17,1007.44,1014.56,1006.05,1011.0,1006933
2017-10-16,1009.63,1012.0,1001.52,1009.35,1069362
2017-10-13,1009.11,1014.76,1007.06,1007.87,1327162
2017-10-12,1003.84,1011.54,1001.1,1005.65,1540349
2017-10-11,989.04,1007.57,987.94,1005.65,1813213
2017-10-10,995.3,997.47,981.11,987.8,1163333
2017-10-09,995.0,1000.46,991.5,992.31,1295006
2017-10-06,980.0,994.26,978.51,993.64,1552207
2017-10-05,972.79,986.5089999999999,970.27,985.19,1779670
2017-10-04,971.76,974.4,965.61,966.78,1056271
2017-10-03,967.56,972.44,962.705,972.08,1083848
2017-10-02,975.65,977.74,961.95,967.47,1536653
2017-09-29,966.0,975.81,966.0,973.36,2029793
2017-09-28,956.25,966.18,955.55,964.81,1400404
2017-09-27,942.74,965.43,941.95,959.9,2332319
2017-09-26,936.69,944.08,935.12,937.43,1671401
2017-09-25,939.45,939.75,924.51,934.28,1870439
2017-09-22,942.77,950.0,940.835,943.26,1074282
2017-09-21,948.13,952.8,939.38,947.55,1349131
2017-09-20,937.73,950.0,937.5,947.54,1923014
2017-09-19,933.41,937.94,926.66,936.86,1232338
2017-09-18,935.01,936.86,925.4,929.75,1456222
2017-09-15,940.09,941.75,931.25,935.29,1956570
2017-09-14,946.0,948.03,938.3560000000001,940.13,1424671
2017-09-13,945.5,952.85,944.74,950.44,1094735
2017-09-12,946.92,948.085,937.5,946.65,1283993
2017-09-11,947.2,952.68,941.0,943.29,1336245
2017-09-08,949.7,950.7,940.01,940.95,999783
2017-09-07,944.25,950.497,937.53,949.89,1116276
2017-09-06,943.87,944.5,932.68,942.02,1391215
2017-09-05,946.86,951.385,935.6,941.48,1458691
2017-09-01,957.47,958.33,950.28,951.99,1042686
2017-08-31,946.3,957.195,946.25,955.24,1692147
2017-08-30,935.67,945.86,934.05,943.63,1119470
2017-08-29,919.95,938.19,919.31,935.75,1158366
2017-08-28,931.88,934.85,926.11,928.13,1045711
2017-08-25,939.21,940.73,930.1,930.5,1184593
2017-08-24,943.71,946.31,930.74,936.89,1294108
2017-08-23,937.0,945.425,935.24,942.58,1133117
2017-08-22,926.96,941.962,926.17,940.4,1759686
2017-08-21,925.77,928.25,918.6,920.87,1299899
2017-08-18,926.98,931.02,923.45,926.18,1335610
2017-08-17,942.95,943.81,927.64,927.66,1673886
2017-08-16,941.25,949.9,940.039,944.27,1343392
2017-08-15,941.03,943.07,936.64,938.08,1103692
2017-08-14,939.07,941.04,934.485,938.93,1149629
2017-08-11,923.71,933.36,921.22,930.09,1616328
2017-08-10,935.0,936.3,921.7769999999999,923.59,2704565
2017-08-09,938.45,943.76,933.92,940.08,1398227
2017-08-08,944.29,952.49,942.48,944.19,1500178
2017-08-07,947.52,948.96,943.5,945.75,1444189
2017-08-04,943.8,947.54,939.795,945.79,1254336
2017-08-03,949.1,950.0,939.44,940.3,1123379
2017-08-02,948.37,949.1,932.5210000000001,947.64,2038340
2017-08-01,947.81,954.49,944.96,946.56,1327222
2017-07-31,960.0,961.193,941.725,945.5,2290902
2017-07-28,947.99,961.79,945.31,958.2,1813719
2017-07-27,969.18,969.52,937.06,952.51,3711840
2017-07-26,972.78,973.95,960.23,965.31,2212665
2017-07-25,970.7,976.73,963.8,969.03,5930130
2017-07-24,994.1,1006.19,990.273,998.31,3915107
2017-07-21,989.0,995.11,984.17,993.84,1461598
2017-07-20,997.0,998.68,984.62,992.19,1416054
2017-07-19,990.01,995.6,987.01,992.77,1400473
2017-07-18,973.36,990.85,972.04,986.95,1411850
2017-07-17,976.32,983.35,970.8,975.96,1655892
2017-07-14,974.0,977.54,970.15,976.91,1076978
2017-07-13,970.8,978.7,964.8,968.85,1523376
2017-07-12,960.86,969.63,957.04,967.66,1599965
2017-07-11,950.52,954.89,945.12,953.53,1460601
2017-07-10,941.95,953.13,941.95,951.0,1443510
2017-07-07,930.985,944.66,929.79,940.81,1629306
2017-07-06,925.0,936.14,919.85,927.69,2013951
2017-07-05,924.2,936.29,918.6310000000001,932.26,2091689
2017-07-03,933.22,934.24,915.31,919.46,1694811
2017-06-30,943.99,945.0,929.61,929.61,2285012
2017-06-29,951.35,951.66,929.6,937.82,3203356
2017-06-28,950.66,963.24,936.16,961.01,2738995
2017-06-27,961.6,967.22,947.09,948.09,2441836
2017-06-26,990.0,993.99,970.33,972.09,1516720
2017-06-23,975.5,986.62,974.46,986.09,1547284
2017-06-22,976.87,980.5,973.315,976.62,1000838
2017-06-21,970.79,979.67,969.16,978.59,1161607
2017-06-20,975.31,980.79,968.2,968.99,1297019
2017-06-19,969.65,979.3,968.2,975.22,1466053
2017-06-16,957.91,959.95,948.7,958.62,2545952
2017-06-15,948.02,960.678,940.37,960.18,2369353
2017-06-14,975.5,979.7,959.51,967.93,1499807
2017-06-13,972.04,977.91,962.01,970.5,2004195
2017-06-12,958.72,968.0,936.795,961.81,4197445
2017-06-09,1005.49,1005.5,953.37,970.12,3643062
2017-06-08,1004.23,1005.6,996.62,1004.28,1681411
2017-06-07,998.82,1003.91,995.81,1001.59,1372300
2017-06-06,1003.31,1008.61,994.8,996.68,1550832
2017-06-05,997.89,1007.4,995.45,1003.88,1377960
2017-06-02,988.59,996.48,987.07,996.12,1734163
2017-06-01,990.96,993.14,981.29,988.29,1305190
2017-05-31,996.21,999.6,981.68,987.09,1725758
2017-05-30,992.5,997.62,991.36,996.17,1516553
2017-05-26,992.0,996.39,987.36,993.27,1632239
2017-05-25,979.0,995.78,977.82,991.86,1952832
2017-05-24,975.26,978.115,971.63,977.61,1137885
2017-05-23,969.96,974.51,964.5,970.55,1544933
2017-05-22,957.0,964.82,956.56,964.07,1384909
2017-05-19,952.82,959.56,952.0,954.65,1359792
2017-05-18,943.2,954.18,941.27,950.5,1800465
2017-05-17,959.7,960.99,940.06,942.17,2447018
2017-05-16,963.55,965.8960000000001,960.35,964.61,1099932
2017-05-15,955.29,962.7,952.82,959.22,1332067
2017-05-12,957.85,957.98,952.06,955.14,1214614
2017-05-11,951.29,957.99,948.61,955.89,1031014
2017-05-10,956.22,956.71,949.84,954.84,1145873
2017-05-09,961.33,962.2,954.4,956.69,1686772
2017-05-08,947.45,960.99,947.395,958.69,1875309
2017-05-05,956.72,958.44,948.0989999999999,950.28,1615548
2017-05-04,950.29,959.14,947.37,954.72,1938006
2017-05-03,936.05,950.2,935.21,948.45,1822217
2017-05-02,933.27,942.985,931.0,937.09,1749433
2017-05-01,924.15,935.82,920.8,932.82,2326641
2017-04-28,929.0,935.9,923.22,924.52,3845857
2017-04-27,890.0,893.377,887.18,891.44,2308819
2017-04-26,891.39,892.99,885.15,889.14,1321206
2017-04-25,882.26,892.25,879.28,888.84,2033438
2017-04-24,868.44,879.96,866.11,878.93,1692394
2017-04-21,860.62,862.44,857.73,858.95,1082611
2017-04-20,859.74,863.93,857.5,860.09,1062506
2017-04-19,857.385,860.2,853.528,856.51,1042384
2017-04-18,852.54,857.39,851.25,853.99,927771
2017-04-17,841.38,855.64,841.03,855.13,1004913
2017-04-13,841.04,843.73,837.85,840.18,1025516
2017-04-12,838.46,843.72,837.59,841.46,1015796
2017-04-11,841.7,844.63,834.6,839.88,974343
2017-04-10,841.54,846.737,840.79,841.7,954094
2017-04-07,845.0,845.88,837.3,842.1,1111610
2017-04-06,849.5,853.59,844.0,845.095,1314898
2017-04-05,854.71,860.59,847.52,848.91,1767000
2017-04-04,848.0,853.0,847.505,852.57,1329060
2017-04-03,848.75,859.0,847.53,856.75,1969402
2017-03-31,846.83,849.56,845.245,847.8,1320899
2017-03-30,851.98,852.0,846.77,849.48,916623
2017-03-29,842.75,851.585,841.38,849.87,1382043
2017-03-28,839.69,845.4,832.265,840.63,1476606
2017-03-27,828.09,841.38,824.3,838.51,1875590
2017-03-24,842.0,844.0,829.1,835.15,1976958
2017-03-23,841.39,841.69,833.0,839.65,3287669
2017-03-22,849.48,855.35,847.0,849.8,1366749
2017-03-21,870.06,873.47,847.687,850.14,2537978
2017-03-20,869.48,870.34,864.665,867.91,1542199
2017-03-17,873.68,874.42,868.37,872.37,1683901
2017-03-16,870.53,872.71,867.52,870.0,1104452
2017-03-15,867.94,869.88,861.295,868.39,1332885
2017-03-14,863.75,867.58,860.13,865.91,1061692
2017-03-13,865.68,867.13,860.82,864.58,1166605
2017-03-10,862.7,864.2289999999999,857.61,861.405,1296760
2017-03-09,853.69,860.71,852.67,857.84,1240728
2017-03-08,853.12,856.93,851.25,853.64,995611
2017-03-07,847.26,853.33,845.52,851.15,977095
2017-03-06,846.86,848.94,841.17,847.27,1011938
2017-03-03,848.94,850.82,844.705,849.08,995060
2017-03-02,856.31,856.49,848.72,849.85,1217226
2017-03-01,851.38,858.0,849.02,856.61,1653965
2017-02-28,847.35,848.83,841.442,844.93,1273713
2017-02-27,844.95,850.67,843.01,849.67,981246
2017-02-24,847.65,848.36,842.96,847.81,1308260
2017-02-23,851.08,852.62,842.5,851.0,1261077
2017-02-22,848.0,853.79,846.71,851.36,1193139
2017-02-21,847.99,852.2,846.55,849.27,1178472
2017-02-17,841.31,846.94,839.78,846.55,1406688
2017-02-16,838.5,842.69,837.26,842.17,920812
2017-02-15,838.81,841.773,836.22,837.32,1303154
2017-02-14,839.77,842.0,835.83,840.09,980912
2017-02-13,837.7,841.735,836.2460000000001,838.96,1224882
2017-02-10,832.95,837.15,830.51,834.85,1392663
2017-02-09,831.73,831.98,826.5,830.06,1163466
2017-02-08,830.53,834.25,825.11,829.88,1207180
2017-02-07,825.5,831.92,823.868,829.23,1624190
2017-02-06,820.92,822.39,814.29,821.62,1250713
2017-02-03,823.13,826.13,819.35,820.13,1528095
2017-02-02,815.0,824.56,812.051,818.26,1606867
2017-02-01,824.0,824.0,812.25,815.24,2198896
2017-01-31,819.5,823.07,813.4,820.19,1955733
2017-01-30,837.06,837.23,821.03,823.83,3431441
2017-01-27,859.0,867.0,841.9,845.03,3711874
2017-01-26,859.05,860.94,850.52,856.98,2611784
2017-01-25,853.55,858.794,849.74,858.45,1617190
2017-01-24,846.98,851.52,842.28,849.53,1647113
2017-01-23,831.61,845.543,828.7,844.43,2419971
2017-01-20,829.09,829.24,824.6,828.17,1226948
2017-01-19,829.0,833.0,823.96,824.37,1055419
2017-01-18,829.8,829.81,824.08,829.02,962010
2017-01-17,830.0,830.18,823.2,827.46,1201317
2017-01-13,831.0,834.65,829.52,830.93,1096855
2017-01-12,828.38,830.38,821.01,829.53,1265674
2017-01-11,826.62,829.9,821.47,829.86,1218093
2017-01-10,827.07,829.41,823.14,826.01,1111682
2017-01-09,826.37,830.43,821.62,827.18,1365344
2017-01-06,814.99,828.96,811.5,825.21,1975843
2017-01-05,807.5,813.74,805.92,813.02,1305062
2017-01-04,809.89,813.43,804.11,807.77,1486687
2017-01-03,800.62,811.435,796.89,808.01,1932677
2016-12-30,803.21,803.285,789.62,792.45,1735879
2016-12-29,802.33,805.75,798.1439999999999,802.83,998255
2016-12-28,813.33,813.33,802.44,804.57,1159794
2016-12-27,808.68,816.0,805.8,809.93,946336
2016-12-23,808.01,810.97,805.11,807.8,750685
2016-12-22,809.1,811.07,806.03,809.68,1096775
2016-12-21,815.72,815.72,805.1,812.2,1437576
2016-12-20,813.37,816.49,811.0,815.2,1206078
2016-12-19,809.28,816.22,804.5,812.51,1107106
2016-12-16,818.31,819.2,808.12,809.84,2224413
2016-12-15,817.36,823.0,812.0,815.65,1691066
2016-12-14,815.92,824.26,812.78,817.89,1665379
2016-12-13,812.39,824.3,811.94,815.34,2051605
2016-12-12,804.82,811.35,804.5310000000001,807.323,1408307
2016-12-09,799.3,809.95,798.05,809.45,1831378
2016-12-08,792.95,799.0,787.905,795.14,1459398
2016-12-07,779.95,792.0,773.53,791.47,1979203
2016-12-06,780.19,785.28,773.32,776.18,1676466
2016-12-05,770.0,780.0,766.9689999999999,778.22,1649907
2016-12-02,761.9,770.5,759.0,764.46,1669414
2016-12-01,778.55,778.6,753.36,764.33,2815292
2016-11-30,789.1,791.51,773.145,775.88,2156344
2016-11-29,788.38,796.44,785.34,789.44,1507400
2016-11-28,778.35,799.74,778.1,785.79,2370636
2016-11-25,782.61,782.9,778.19,780.15,539476
2016-11-23,789.52,789.52,772.65,779.0,1287328
2016-11-22,788.99,793.77,783.74,785.0,1378598
2016-11-21,778.1,786.55,776.3,785.41,1467404
2016-11-18,787.17,791.29,775.35,775.97,1757772
2016-11-17,782.5,788.9,779.85,786.16,1492586
2016-11-16,770.42,783.5,766.33,779.98,1783011
2016-11-15,765.47,780.238,765.22,775.16,2943889
2016-11-14,771.76,771.78,743.59,753.22,3688274
2016-11-11,776.81,777.29,765.54,771.75,3561454
2016-11-10,810.0,810.06,768.429,780.29,5797287
2016-11-09,801.83,811.71,792.035,805.59,3058501
2016-11-08,802.03,816.04,799.62,811.98,1626451
2016-11-07,794.95,805.0,792.9,802.03,1942158
2016-11-04,771.3,788.48,771.0039999999999,781.1,1970603
2016-11-03,784.5,790.0,778.63,782.19,2175216
2016-11-02,806.76,806.76,785.0,788.42,2350736
2016-11-01,810.87,813.96,798.26,805.48,2355890
2016-10-31,822.43,822.63,808.0,809.9,2242679
2016-10-28,829.94,839.0,817.0,819.56,4281532
2016-10-27,823.01,826.58,814.61,817.35,2232349
2016-10-26,827.12,827.71,816.35,822.1,1740045
2016-10-25,838.5,838.5,825.301,828.55,1847174
2016-10-24,830.09,837.94,829.04,835.74,1405846
2016-10-21,820.0,824.29,818.31,824.06,1385347
2016-10-20,827.56,828.465,820.55,821.63,896565
2016-10-19,824.52,829.81,823.205,827.09,1203233
2016-10-18,814.21,828.81,813.33,821.49,1545025
2016-10-17,805.99,813.49,803.83,806.84,713684
2016-10-14,807.45,810.09,802.32,804.6,788823
2016-10-13,806.07,806.56,798.62,804.08,1161132
2016-10-12,811.96,814.5,808.555,811.77,727608
2016-10-11,814.17,819.86,807.37,809.57,1198268
2016-10-10,803.93,817.38,802.24,814.38,1227178
2016-10-07,805.93,805.94,796.82,800.71,1078276
2016-10-06,804.08,806.945,800.51,803.08,797349
2016-10-05,806.0,808.5,800.71,801.23,829577
2016-10-04,805.0,806.5,799.67,802.79,1046065
2016-10-03,802.55,803.54,796.23,800.38,1057999
2016-09-30,803.6,808.09,801.5,804.06,1160211
2016-09-29,807.23,813.91,800.855,802.64,954474
2016-09-28,804.08,810.25,802.78,810.06,1335562
2016-09-27,801.83,813.49,801.83,810.73,933905
2016-09-26,809.82,810.08,800.45,802.52,896005
2016-09-23,815.14,817.0,812.73,814.96,1131451
2016-09-22,810.0,819.06,807.71,815.95,1630082
2016-09-21,801.26,805.91,796.03,804.56,1213343
2016-09-20,800.0,802.75,798.26,799.78,655585
2016-09-19,801.11,803.99,793.56,795.39,808885
2016-09-16,799.02,799.02,793.62,797.97,1539604
2016-09-15,790.01,803.645,788.66,801.29,1260656
2016-09-14,787.53,796.33,787.53,790.505,812157
2016-09-13,794.01,795.79,784.33,788.72,1196161
2016-09-12,784.52,800.17,783.5,799.0,1122909
2016-09-09,798.77,801.75,788.05,788.48,1537285
2016-09-08,805.22,808.42,801.01,802.84,740019
2016-09-07,807.93,810.6,803.72,807.99,814013
2016-09-06,798.39,810.89,795.43,808.02,1761223
2016-09-02,795.27,797.1,793.26,796.87,937767
2016-09-01,791.98,792.89,786.33,791.4,926921
2016-08-31,789.6,791.57,787.2,789.85,746236
2016-08-30,792.88,798.0,789.47,791.92,955422
2016-08-29,793.05,798.52,790.32,795.82,663083
2016-08-26,792.49,799.4,789.4069999999999,793.22,1114144
2016-08-25,792.0,794.72,787.23,791.3,901452
2016-08-24,796.86,798.46,790.76,793.6,891143
2016-08-23,800.48,801.0,795.99,796.59,789996
2016-08-22,798.51,799.3,794.33,796.95,593051
2016-08-19,799.79,801.23,796.88,799.65,843552
2016-08-18,805.36,808.0,801.63,802.75,749900
2016-08-17,800.0,805.63,796.3,805.42,725687
2016-08-16,803.5,804.26,797.0,801.19,687572
2016-08-15,807.21,811.36,804.03,805.96,631110
2016-08-12,805.09,807.19,803.64,807.05,747085
2016-08-11,810.47,813.8789999999999,806.0,808.2,859039
2016-08-10,807.05,810.8789999999999,806.49,808.49,826567
2016-08-09,804.49,813.33,804.06,807.48,1005271
2016-08-08,806.0,807.6,801.69,805.23,875466
2016-08-05,800.11,807.22,797.81,806.93,1164903
2016-08-04,798.24,800.2,793.92,797.25,754030
2016-08-03,796.47,799.54,793.02,798.82,898737
2016-08-02,797.33,802.32,794.53,800.12,1405224
2016-08-01,786.67,807.49,785.04,801.23,2501792
2016-07-29,797.71,803.94,790.0,791.34,4289471
2016-07-28,768.84,768.97,759.09,765.84,1838822
2016-07-27,758.97,764.45,755.93,761.97,1040055
2016-07-26,757.52,759.26,752.75,757.65,805819
2016-07-25,757.68,759.825,754.07,757.52,835240
2016-07-22,757.32,759.45,752.655,759.28,709559
2016-07-21,757.0,758.15,751.52,754.41,633910
2016-07-20,754.05,760.64,754.05,757.08,925522
2016-07-19,749.87,756.59,748.4889999999999,753.41,1067412
2016-07-18,737.91,755.137,736.51,753.2,1791369
2016-07-15,741.0,741.0,734.64,735.63,1194328
2016-07-14,733.94,736.14,730.59,735.78,621134
2016-07-13,735.52,735.52,729.02,729.48,669129
2016-07-12,731.92,735.6,727.5,732.51,838323
2016-07-11,719.42,728.929,718.865,727.04,1023465
2016-07-08,710.56,717.9,708.11,717.78,1046404
2016-07-07,710.11,710.17,700.67,707.26,641397
2016-07-06,699.84,713.0,699.0,708.97,913725
2016-07-05,705.01,708.12,699.13,704.89,1249075
2016-07-01,705.1,712.53,703.73,710.25,1073539
2016-06-30,697.65,703.77,694.9019999999999,703.53,1466713
2016-06-29,694.26,699.5,692.683,695.19,1959098
2016-06-28,691.37,692.74,684.85,691.26,1296280
2016-06-27,682.49,683.325,672.66,681.14,2272956
2016-06-24,690.17,705.0,684.91,685.28,3080403
2016-06-23,710.55,714.87,700.25,714.87,1383055
2016-06-22,714.05,714.21,705.88,710.82,1017797
2016-06-21,710.05,715.38,704.66,708.88,1189348
2016-06-20,710.31,715.87,705.41,706.13,1252499
2016-06-17,721.39,721.39,701.12,704.26,3032604
2016-06-16,727.96,730.39,715.54,724.25,1526198
2016-06-15,734.92,736.96,731.31,732.19,731766
2016-06-14,729.31,736.0,726.5,733.25,877264
2016-06-13,729.82,739.0,729.82,731.88,746805
2016-06-10,735.95,739.64,730.51,733.19,1242152
2016-06-09,737.07,743.93,736.5,742.52,619331
2016-06-08,739.5,743.81,735.765,742.93,1097087
2016-06-07,733.27,736.71,730.8,731.09,816020
2016-06-06,738.5,738.5,728.29,730.06,1019217
2016-06-03,741.49,741.49,733.91,735.86,785846
2016-06-02,746.1,747.3,737.0,744.27,1216028
2016-06-01,748.47,751.37,744.34,748.46,657176
2016-05-31,748.76,753.48,745.57,748.85,1409086
2016-05-27,737.51,747.91,737.01,747.64,1052280
2016-05-26,736.0,741.1,733.0,736.93,885271
2016-05-25,735.0,739.89,732.6,738.1,1097215
2016-05-24,719.85,734.2,719.645,733.03,1284374
2016-05-23,719.98,723.5,716.94,717.25,862019
2016-05-20,716.46,727.7,715.01,721.71,1192640
2016-05-19,718.3,720.5,710.305,715.31,987401
2016-05-18,718.5,725.57,715.02,721.78,1080783
2016-05-17,731.06,735.85,718.0,720.13,896305
2016-05-16,724.32,732.68,720.0,730.3,716115
2016-05-13,726.62,731.29,723.51,724.83,817350
2016-05-12,732.0,735.37,724.27,728.07,881204
2016-05-11,740.52,740.8,727.903,730.55,1007524
2016-05-10,734.96,740.0,731.61,739.38,1154428
2016-05-09,726.7,734.29,723.5,729.13,1742825
2016-05-06,712.2,725.99,711.95,725.18,1331718
2016-05-05,715.0,717.55,709.45,714.71,999371
2016-05-04,706.77,715.05,704.05,711.37,1049889
2016-05-03,712.5,713.37,707.33,708.44,1772660
2016-05-02,711.92,715.41,706.36,714.41,1137134
2016-04-29,704.12,712.11,703.78,707.88,2300607
2016-04-28,723.29,729.26,703.2,705.0,2130468
2016-04-27,725.32,727.15,709.08,721.46,2874020
2016-04-26,744.42,745.59,720.32,725.37,1953360
2016-04-25,735.35,744.88,735.1,742.21,2181262
2016-04-22,743.91,753.92,730.37,737.77,6483860
2016-04-21,777.31,781.68,771.55,781.14,1706634
2016-04-20,779.16,779.66,771.27,774.92,1193218
2016-04-19,790.5,790.95,770.27,776.25,1520761
2016-04-18,780.19,788.55,777.61,787.68,1149432
2016-04-15,775.5,780.93,774.93,780.0,1097079
2016-04-14,775.36,779.61,773.22,775.39,968191
2016-04-13,770.31,775.75,764.591,771.91,1328029
2016-04-12,758.43,764.92,751.565,764.32,963086
2016-04-11,765.45,767.22,757.34,757.54,1137504
2016-04-08,765.87,767.13,755.77,759.47,873959
2016-04-07,765.32,769.36,757.5,760.12,812367
2016-04-06,757.84,768.42,756.3,768.07,1159698
2016-04-05,758.13,762.87,755.6,758.57,853957
2016-04-04,769.51,772.44,761.785,765.12,1050593
2016-04-01,757.16,770.04,755.2,769.67,1416162
2016-03-31,768.34,769.084,758.25,762.9,1050236
2016-03-30,768.21,777.31,767.58,768.34,1486317
2016-03-29,753.68,767.18,748.29,765.89,1711797
2016-03-28,756.17,758.3,752.04,753.28,740384
2016-03-24,751.2,757.555,750.5,754.84,1555844
2016-03-23,763.35,765.39,756.03,757.56,1233854
2016-03-22,758.44,765.0,757.875,760.05,1104784
2016-03-21,753.91,763.34,751.27,762.16,1438658
2016-03-18,761.63,762.14,751.82,755.41,2811518
2016-03-17,757.65,765.34,757.36,758.48,2228244
2016-03-16,749.05,759.0,746.5,757.36,1465285
2016-03-15,746.02,753.01,742.84,750.57,1491578
2016-03-14,744.97,754.26,743.663,750.24,1641189
2016-03-11,739.95,744.9,736.7,744.87,1195783
2016-03-10,727.79,736.54,723.29,732.17,2230811
2016-03-09,715.165,726.24,712.66,725.41,1349753
2016-03-08,708.39,722.25,704.0,713.53,2159235
2016-03-07,725.15,727.21,705.14,712.8,2533911
2016-03-04,734.8,735.0,725.62,730.22,2318174
2016-03-03,739.48,741.0,729.63,731.59,1381727
2016-03-02,742.87,743.1210000000001,733.25,739.48,1260100
2016-03-01,721.3,742.33,718.64,742.17,2072629
2016-02-29,721.0,730.6,716.84,717.23,1517399
2016-02-26,733.6,736.16,721.939,724.86,1527060
2016-02-25,722.93,729.51,713.23,729.12,1291634
2016-02-24,710.61,721.22,702.02,720.9,1228498
2016-02-23,726.1,730.9,715.67,717.29,1488277
2016-02-22,729.51,734.845,723.45,729.05,1335630
2016-02-19,715.9,724.03,713.12,722.11,1624659
2016-02-18,733.96,736.0,715.55,717.51,1646844
2016-02-17,727.0,733.76,716.61,731.97,1773421
2016-02-16,718.65,722.8789999999999,710.18,717.64,1591885
2016-02-12,712.21,716.0,701.58,706.89,2057685
2016-02-11,696.34,712.315,691.19,706.36,2908667
2016-02-10,711.79,723.22,705.39,706.85,2307315
2016-02-09,692.95,720.96,688.5,701.02,3812464
2016-02-08,687.68,704.52,682.01,704.16,3770157
2016-02-05,725.5,726.72,700.14,703.76,4899942
2016-02-04,744.59,745.24,722.6,730.03,4559117
2016-02-03,786.28,791.43,736.26,749.38,6470102
2016-02-02,800.5,810.35,780.6,780.91,5012170
2016-02-01,771.26,777.59,761.38,770.77,2847761
2016-01-29,748.96,765.105,744.2,759.93,3076447
2016-01-28,738.19,751.16,730.6,748.3,2215463
2016-01-27,735.89,735.89,713.45,717.58,1463458
2016-01-26,735.21,739.46,726.97,733.79,1051052
2016-01-25,743.84,752.46,732.5010000000001,733.62,1414539
2016-01-22,742.0,748.56,740.5,745.46,2116387
2016-01-21,720.17,737.67,711.11,726.67,1650432
2016-01-20,705.9,726.95,687.78,718.56,2823126
2016-01-19,720.15,725.35,709.85,719.08,2436200
2016-01-15,709.99,724.158,701.51,710.49,2669265
2016-01-14,724.44,739.89,705.0,731.39,1913161
2016-01-13,749.34,753.0,716.78,719.57,1803658
2016-01-12,740.75,748.34,736.43,745.34,1911412
2016-01-11,731.95,735.08,719.56,733.07,2544806
2016-01-08,747.8,750.12,728.92,730.91,2140062
2016-01-07,746.49,755.31,735.28,741.0,2398365
2016-01-06,750.37,765.73,748.0,759.33,1669043
2016-01-05,764.1,769.2,755.65,761.53,1593922
2016-01-04,762.2,762.2,747.54,759.44,3136370
2015-12-31,787.82,788.33,777.32,778.01,1156683
2015-12-30,793.96,796.455,787.2,790.3,966071
2015-12-29,786.99,798.69,786.2,793.96,1921480
2015-12-28,770.0,782.82,767.73,782.24,1557755
2015-12-24,768.52,769.2,764.39,765.84,521141
2015-12-23,770.69,771.9,757.65,768.51,1529700
2015-12-22,764.27,770.34,761.2,767.13,1816845
2015-12-21,763.05,766.35,754.15,760.8,1742300
2015-12-18,767.23,774.14,756.59,756.85,3389700
2015-12-17,781.16,781.59,769.3,769.83,1825500
2015-12-16,766.57,781.5,757.04,776.59,2656000
2015-12-15,767.79,774.75,758.0,760.09,2469300
2015-12-14,751.26,764.15,736.26,762.54,2707054
2015-12-11,749.0,757.44,748.65,750.42,2159100
2015-12-10,763.59,766.07,755.0,760.04,1622900
2015-12-09,771.1,776.09,752.01,762.55,2327400
2015-12-08,764.5,778.65,762.52,775.14,1554121
2015-12-07,780.06,781.0,766.72,772.99,1831200
2015-12-04,769.71,782.42,765.51,779.21,2489900
2015-12-03,780.56,784.48,762.45,768.2,2097414
2015-12-02,785.25,793.05,776.43,777.85,2335128
2015-12-01,766.94,785.0,765.95,783.79,2019854
2015-11-30,771.87,775.03,761.12,762.85,1679300
2015-11-27,769.16,774.0,767.0,771.97,722300
2015-11-25,771.69,773.0,766.53,769.26,1180600
2015-11-24,772.96,775.99,758.11,769.63,2393900
2015-11-23,777.47,782.9,773.51,776.7,1732400
2015-11-20,769.3,779.32,764.1,777.0,2773900
2015-11-19,759.78,763.23,757.23,759.94,1403900
2015-11-18,749.57,761.1,747.39,760.01,1813300
2015-11-17,752.47,754.95,744.05,745.98,1943100
2015-11-16,740.21,751.71,734.33,750.42,2535100
2015-11-13,754.04,755.33,739.47,740.07,2409300
2015-11-12,760.18,765.8,755.86,756.53,1772500
2015-11-11,762.38,769.08,759.75,765.25,2095900
2015-11-10,753.48,760.6,748.41,758.26,1489900
2015-11-09,758.52,763.3,749.11,754.77,1776691
2015-11-06,759.39,763.02,755.03,761.6,1677100
2015-11-05,758.81,766.35,757.47,760.67,2274300
2015-11-04,749.9,759.9,749.2,755.31,2091692
2015-11-03,745.43,751.7,741.16,748.82,1815300
2015-11-02,737.88,748.18,731.45,747.74,1995421
2015-10-30,745.56,746.31,736.53,737.39,1999100
2015-10-29,736.63,746.79,735.16,744.85,1825900
2015-10-28,733.0,737.37,727.27,736.92,1980100
2015-10-27,726.57,735.96,724.14,732.82,1938900
2015-10-26,720.02,734.95,720.02,731.12,2438800
2015-10-23,750.06,752.5,717.94,719.33,6336300
2015-10-22,675.44,688.05,671.7,681.14,4431500
2015-10-21,683.21,684.9,670.7,671.8,1608400
2015-10-20,697.89,698.0,673.68,680.0,2621719
2015-10-19,694.0,700.24,692.21,699.95,1508585
2015-10-16,695.4,696.22,689.1,695.32,1815700
2015-10-15,685.25,694.16,684.39,693.02,2357800
2015-10-14,683.79,690.04,678.9,680.41,1564500
2015-10-13,674.16,688.46,673.11,683.17,2122300
2015-10-12,669.19,677.98,667.24,676.43,1334210
2015-10-09,667.49,674.09,662.36,671.24,1605800
2015-10-08,669.45,671.89,654.49,667.0,1965300
2015-10-07,677.4,678.74,658.11,670.0,2217672
2015-10-06,669.35,678.8,663.08,671.64,2157400
2015-10-05,661.6,673.03,655.87,671.68,1897962
2015-10-02,638.01,658.26,633.5,656.99,2439400
2015-10-01,637.94,643.84,631.11,642.0,2125300
2015-09-30,631.83,639.31,629.15,638.37,2647600
2015-09-29,625.5,634.68,618.03,622.61,2106400
2015-09-28,639.05,642.85,617.84,624.25,2382276
2015-09-25,658.58,658.58,639.66,640.15,2423900
2015-09-24,648.97,656.77,642.16,654.91,1934252
2015-09-23,652.9,660.28,650.73,653.29,1457995
2015-09-22,657.47,658.82,645.03,653.2,2718000
2015-09-21,665.51,669.0,658.0,666.98,1954600
2015-09-18,665.06,669.84,660.03,660.92,3627200
2015-09-17,667.49,681.99,665.0,671.67,2387605
2015-09-16,665.55,668.07,662.2,665.52,1312500
2015-09-15,656.71,668.85,653.34,665.07,1777300
2015-09-14,655.63,655.92,649.5,652.47,1497600
2015-09-11,650.21,655.31,647.41,655.3,1744600
2015-09-10,643.9,654.9,641.7,651.08,1392329
2015-09-09,651.88,657.36,640.9,643.41,2048900
2015-09-08,641.0,645.04,632.9,643.88,1954600
2015-09-04,629.7,634.5,626.5,628.96,2024900
2015-09-03,647.93,651.25,633.81,637.05,1728500
2015-09-02,638.0,645.06,630.64,644.91,1881400
2015-09-01,633.81,644.44,625.06,629.56,2572800
2015-08-31,654.34,664.41,646.35,647.82,1946800
2015-08-28,665.76,667.0,653.75,659.69,1941800
2015-08-27,671.99,673.98,651.1,667.96,2948700
2015-08-26,643.1,662.48,630.37,659.74,4386900
2015-08-25,646.77,647.0,611.67,612.47,3571400
2015-08-24,600.6,644.33,593.09,618.11,6489284
2015-08-21,671.04,672.89,643.1,644.03,4593900
2015-08-20,689.1,696.16,675.28,679.48,2889800
2015-08-19,690.11,700.2,686.8,694.04,2509600
2015-08-18,691.07,695.76,685.32,688.73,1385500
2015-08-17,688.04,694.74,683.06,694.11,1233900
2015-08-14,684.04,692.26,682.9,689.37,1379800
2015-08-13,689.2,694.03,682.18,686.51,1817700
2015-08-12,694.49,696.0,680.51,691.47,2932300
2015-08-11,699.58,704.0,684.32,690.3,5492265
2015-08-10,667.09,671.62,660.23,663.14,1722900
2015-08-07,667.78,668.79,658.87,664.39,1377100
2015-08-06,673.99,674.75,660.73,670.15,2032619
2015-08-05,665.75,679.91,665.58,673.29,1822300
2015-08-04,664.34,668.0,660.51,661.28,1309400
2015-08-03,657.66,666.67,657.66,664.72,1567407
2015-07-31,664.7,665.0,657.2,657.5,1746000
2015-07-30,657.44,668.05,651.69,664.56,1980300
2015-07-29,662.26,663.33,652.84,661.43,1837805
2015-07-28,661.76,664.1,653.41,659.66,1718100
2015-07-27,651.57,667.07,651.55,658.27,2919100
2015-07-24,677.28,677.79,653.18,654.77,4131100
2015-07-23,691.85,696.07,671.59,674.73,3811500
2015-07-22,694.02,713.33,691.62,695.1,4154900
2015-07-21,684.88,705.6,684.15,695.35,3780200
2015-07-20,688.98,697.8,681.77,692.84,5121700
2015-07-17,680.0,703.0,678.0,699.62,12858100
2015-07-16,589.47,604.5,587.92,601.78,5632000
2015-07-15,583.74,588.69,580.21,583.96,2072687
2015-07-14,574.5,589.71,574.17,584.18,3741482
2015-07-13,559.51,572.85,558.7,571.73,2089600
2015-07-10,553.71,559.29,552.0,556.11,2171700
2015-07-09,548.52,548.88,544.62,544.65,1488300
2015-07-08,545.6,548.28,541.2,541.7,1383000
2015-07-07,547.43,551.0,539.85,550.03,1679700
2015-07-06,542.25,548.58,542.09,545.62,1280600
2015-07-02,544.74,548.0,543.57,547.34,1406200
2015-07-01,543.66,545.81,539.76,543.3,1537900
2015-06-30,545.09,545.9,539.54,540.04,1725464
2015-06-29,546.75,550.9,540.24,541.25,1887800
2015-06-26,559.71,560.0,551.85,553.06,2183700
2015-06-25,560.3,563.14,557.46,557.95,1335200
2015-06-24,562.48,562.64,556.81,558.57,1446100
2015-06-23,559.79,564.9,557.15,563.39,1569808
2015-06-22,559.41,565.61,558.91,559.68,1737500
2015-06-19,556.52,557.91,552.26,557.52,2964400
2015-06-18,548.0,557.25,548.0,556.18,2059600
2015-06-17,546.26,548.36,541.81,546.6,1222000
2015-06-16,544.26,546.69,541.57,544.87,1626300
2015-06-15,542.73,544.05,539.21,543.0,1357400
2015-06-12,547.68,548.85,545.63,547.47,1272100
2015-06-11,554.83,554.83,549.17,550.04,1293535
2015-06-10,545.7,554.78,545.11,552.6,1515775
2015-06-09,543.42,544.84,538.85,542.16,1500641
2015-06-08,549.61,549.87,542.95,543.48,1366800
2015-06-05,552.0,553.33,547.38,549.53,1219800
2015-06-04,552.18,555.96,549.12,551.69,1343300
2015-06-03,555.1,557.99,552.15,555.29,1335400
2015-06-02,547.43,558.79,546.55,553.95,1592808
2015-06-01,548.73,550.57,543.58,549.21,1660500
2015-05-29,553.2,553.94,545.04,545.32,2172200
2015-05-28,553.79,555.76,550.8,554.18,1177318
2015-05-27,548.68,555.29,546.58,554.25,1742200
2015-05-26,552.58,553.33,542.97,547.19,1866724
2015-05-22,554.46,558.24,553.62,554.52,1213200
2015-05-21,550.37,557.61,549.3,556.81,1708500
2015-05-20,550.92,556.07,545.1,552.51,1541962
2015-05-19,548.0,553.4,547.12,549.28,2356274
2015-05-18,543.82,548.34,542.25,546.67,1334686
2015-05-15,550.39,550.6,542.5,546.49,1671955
2015-05-14,543.97,549.69,542.5,549.2,1586800
2015-05-13,540.47,543.84,538.98,539.49,1211920
2015-05-12,542.15,542.96,535.0,538.73,1764123
2015-05-11,548.49,553.37,545.6,545.78,1092900
2015-05-08,548.87,552.8,548.03,548.95,1411200
2015-05-07,535.9,545.2,533.45,542.04,1590003
2015-05-06,542.64,543.93,532.23,535.08,1951654
2015-05-05,550.16,552.61,542.37,543.04,1426400
2015-05-04,550.59,556.69,547.39,552.84,1762900
2015-05-01,549.92,551.22,543.85,551.16,1828500
2015-04-30,558.56,561.11,546.72,548.77,2362000
2015-04-29,560.51,565.84,559.0,561.39,1681000
2015-04-28,564.32,567.83,560.96,564.37,1859787
2015-04-27,572.45,575.52,562.3,566.12,2403100
2015-04-24,580.05,584.7,568.35,573.66,4608403
2015-04-23,550.51,561.17,550.08,557.46,3909100
2015-04-22,543.26,551.0,541.32,549.18,1589784
2015-04-21,545.99,547.77,542.21,542.92,1456387
2015-04-20,533.75,545.8,533.35,544.53,1926063
2015-04-17,537.01,539.8,529.0,532.74,2461600
2015-04-16,538.35,545.23,538.1,543.52,1586088
2015-04-15,537.96,543.19,532.37,541.04,2346233
2015-04-14,546.19,546.57,535.74,539.78,2360300
2015-04-13,547.92,553.27,546.3,548.64,1466200
2015-04-10,549.57,549.85,544.98,548.54,1305200
2015-04-09,549.21,549.37,541.95,548.02,1617895
2015-04-08,546.12,551.5,546.0,548.84,1419300
2015-04-07,545.15,550.16,543.59,544.86,1365906
2015-04-06,538.84,545.54,535.7,543.95,1685800
2015-04-02,547.41,548.0,540.44,541.31,2388000
2015-04-01,555.29,558.5,546.03,549.49,1945000
2015-03-31,558.21,562.45,554.67,554.7,1746622
2015-03-30,560.25,562.16,556.79,561.14,1239300
2015-03-27,561.83,564.07,556.93,557.55,1727600
2015-03-26,564.65,567.19,558.31,563.64,2492100
2015-03-25,577.57,580.07,567.0,567.0,2653400
2015-03-24,568.54,581.88,568.09,577.54,3957800
2015-03-23,566.0,569.64,563.06,565.37,1511600
2015-03-20,566.71,567.1,564.48,564.95,2216000
2015-03-19,564.52,566.96,562.12,563.67,1232900
2015-03-18,557.73,566.51,553.5,566.16,1766200
2015-03-17,558.16,560.64,554.41,557.61,1444500
2015-03-16,556.93,563.75,551.32,561.64,1842700
2015-03-13,559.23,564.36,550.33,553.0,1771300
2015-03-12,558.48,561.84,555.53,561.36,1781263
2015-03-11,559.8,564.18,555.41,555.69,2026100
2015-03-10,568.47,569.76,559.82,559.85,2004000
2015-03-09,570.92,575.45,569.05,574.1,1174200
2015-03-06,582.0,582.78,572.06,572.9,1879600
2015-03-05,579.1,583.2,578.23,581.43,1795800
2015-03-04,576.97,581.63,572.52,578.33,1898100
2015-03-03,576.35,580.85,570.5,578.79,2526200
2015-03-02,567.0,575.99,563.15,575.02,2520300
2015-02-27,558.15,569.42,557.03,562.63,3416445
2015-02-26,545.74,560.13,545.09,559.29,2700999
2015-02-25,538.44,549.57,538.01,547.33,2041625
2015-02-24,531.55,539.4,531.0,538.65,1421363
2015-02-23,538.87,539.3,532.0,535.0,1644826
2015-02-20,547.58,547.58,538.1,541.8,1911726
2015-02-19,542.47,546.86,540.75,546.45,1541669
2015-02-18,543.82,547.55,539.55,542.65,1558153
2015-02-17,551.16,553.0,543.26,545.01,1958669
2015-02-13,547.51,552.54,546.6,551.16,2368806
2015-02-12,539.66,548.34,537.0,546.01,2429520
2015-02-11,539.73,541.95,536.0,538.0,1915336
2015-02-10,532.15,541.0,529.17,540.16,2371158
2015-02-09,531.6,533.88,527.55,529.28,1515272
2015-02-06,531.01,540.22,528.65,533.88,2146920
2015-02-05,527.93,530.69,525.64,529.83,1658742
2015-02-04,533.14,536.75,525.03,526.1,1694780
2015-02-03,529.94,537.45,526.81,533.3,2353086
2015-02-02,534.32,536.5,521.72,532.2,3768534
2015-01-30,519.0,543.1,518.18,537.55,6055321
2015-01-29,512.9,515.19,503.48,513.23,3945207
2015-01-28,525.0,525.69,512.35,512.43,1853819
2015-01-27,531.46,532.78,520.86,521.19,1957040
2015-01-26,541.43,541.5,532.07,536.72,1546563
2015-01-23,538.6,545.41,535.75,541.95,5096425
2015-01-22,523.0,538.84,521.91,537.3,5221237
2015-01-21,510.84,521.85,509.59,520.39,3794259
2015-01-20,512.77,515.61,509.37,509.94,3556834
2015-01-16,503.15,510.85,503.09,510.45,2482858
2015-01-15,508.89,509.75,502.01,504.01,2556662
2015-01-14,500.42,508.26,498.16,505.93,2639959
2015-01-13,502.26,508.6,497.26,501.8,3050295
2015-01-12,499.5,500.28,490.91,497.06,2856938
2015-01-09,508.18,508.6,498.65,500.72,2099862
2015-01-08,501.16,507.5,495.02,506.91,3662169
2015-01-07,510.95,511.49,503.65,505.15,2345823
2015-01-06,520.5,521.21,505.55,506.64,2731728
2015-01-05,527.15,527.99,517.75,519.46,2057089
2015-01-02,532.6,535.8,527.88,529.55,1327665
2014-12-31,537.27,538.4,530.2,530.66,1235995
2014-12-30,535.05,537.84,533.61,535.28,1048211
2014-12-29,540.5,543.93,537.16,537.31,2218603
2014-12-26,536.93,543.25,535.49,541.52,1113464
2014-12-24,538.82,540.29,535.1,536.93,737848
2014-12-23,534.51,542.3,533.72,538.77,2877208
2014-12-22,520.61,532.97,520.59,532.3,3319461
2014-12-19,516.99,520.81,508.86,520.04,4872059
2014-12-18,515.99,516.25,506.56,514.62,3876694
2014-12-17,499.86,509.07,499.11,506.45,3639373
2014-12-16,513.6,515.58,497.19,498.16,4343244
2014-12-15,523.76,525.37,515.4,515.84,2621877
2014-12-12,527.44,532.24,521.46,521.51,2370772
2014-12-11,529.86,537.04,529.16,532.11,2072980
2014-12-10,535.9,539.36,527.49,528.04,2316135
2014-12-09,526.29,536.65,523.41,536.11,2168813
2014-12-08,529.22,533.82,527.0,530.73,3231801
2014-12-05,536.7,538.2,527.26,528.08,3068739
2014-12-04,537.64,542.69,534.89,542.58,1633465
2014-12-03,537.22,541.41,535.21,536.97,1623977
2014-12-02,539.95,541.85,534.66,538.59,2073950
2014-12-01,545.09,548.79,538.62,539.65,1994398
2014-11-28,547.0,549.6,544.48,549.08,1210061
2014-11-26,549.23,549.88,545.23,547.73,1480226
2014-11-25,547.21,552.5,546.91,549.23,1903589
2014-11-24,545.75,551.19,544.15,547.48,1653768
2014-11-21,551.04,551.04,545.0,545.89,2505988
2014-11-20,542.09,545.38,541.5,543.76,1750478
2014-11-19,544.75,548.22,539.19,547.2,1517186
2014-11-18,547.93,552.79,543.8,544.51,1822070
2014-11-17,555.19,555.19,544.44,546.64,1680566
2014-11-14,558.0,558.0,552.51,555.19,1425013
2014-11-13,560.72,560.82,554.09,556.44,1510244
2014-11-12,561.2,561.25,555.5,558.25,1094100
2014-11-11,558.52,562.5,556.24,561.29,1100179
2014-11-10,552.4,560.63,551.62,558.23,1304481
2014-11-07,555.6,555.6,549.35,551.82,1589093
2014-11-06,555.5,556.8,550.58,551.69,1650149
2014-11-05,566.81,566.9,554.15,555.95,1645254
2014-11-04,561.16,564.79,558.3,564.19,1386359
2014-11-03,565.26,567.15,561.63,563.77,1544108
2014-10-31,568.3,568.73,564.81,567.87,2341539
2014-10-30,558.25,562.5,552.13,560.27,1612469
2014-10-29,560.85,564.97,555.98,558.45,2053355
2014-10-28,551.71,559.2,550.43,558.94,1739666
2014-10-27,547.76,554.0,547.2,549.88,1598409
2014-10-24,554.98,555.0,545.16,548.9,2175701
2014-10-23,548.28,557.4,545.5,553.65,2153517
